{
  "Comportementale": 0.3714285714285714,
  "Désignée": 0.4137931034482759,
  "Montrée": 0.3703703703703704,
  "Suggérée": 0.21818181818181817
}