{
  "Colère": 0.36619718309859156,
  "Dégoût": 0.0,
  "Joie": 0.3913043478260869,
  "Peur": 0.4444444444444445,
  "Surprise": 0.4444444444444445,
  "Tristesse": 0.12903225806451615,
  "Admiration": 0.0,
  "Culpabilité": 0.0,
  "Embarras": 0.0,
  "Fierté": 0.8571428571428571,
  "Jalousie": 0.0,
  "Autre": 0.1032258064516129
}