{
  "Colère": 0.3382352941176471,
  "Dégoût": 0.0,
  "Joie": 0.4166666666666667,
  "Peur": 0.36363636363636365,
  "Surprise": 0.4000000000000001,
  "Tristesse": 0.11764705882352941,
  "Admiration": 0.0,
  "Culpabilité": 0.0,
  "Embarras": 0.17391304347826084,
  "Fierté": 0.7499999999999999,
  "Jalousie": 0.0,
  "Autre": 0.1032258064516129
}