{
  "Comportementale": {
    "n": 36,
    "per_emotion": {
      "Colère": {
        "f1": 0.5454545454545454,
        "precision": 0.9230769230769231,
        "recall": 0.3870967741935484,
        "tp": 12,
        "fp": 1,
        "fn": 19,
        "delta_f1": 0.20721925133689834,
        "global_f1": 0.3382352941176471
      },
      "Dégoût": {
        "f1": 0.0,
        "precision": 0.0,
        "recall": 0.0,
        "tp": 0,
        "fp": 0,
        "fn": 7,
        "delta_f1": 0.0,
        "global_f1": 0.0
      },
      "Joie": {
        "f1": 1.0,
        "precision": 1.0,
        "recall": 1.0,
        "tp": 1,
        "fp": 0,
        "fn": 0,
        "delta_f1": 0.5833333333333333,
        "global_f1": 0.4166666666666667
      },
      "Peur": {
        "f1": 0.6666666666666666,
        "precision": 0.5,
        "recall": 1.0,
        "tp": 1,
        "fp": 1,
        "fn": 0,
        "delta_f1": 0.303030303030303,
        "global_f1": 0.36363636363636365
      },
      "Surprise": {
        "f1": 0.0,
        "precision": 0.0,
        "recall": 0.0,
        "tp": 0,
        "fp": 0,
        "fn": 0,
        "delta_f1": -0.4000000000000001,
        "global_f1": 0.4000000000000001
      },
      "Tristesse": {
        "f1": 0.0,
        "precision": 0.0,
        "recall": 0.0,
        "tp": 0,
        "fp": 2,
        "fn": 1,
        "delta_f1": -0.11764705882352941,
        "global_f1": 0.11764705882352941
      },
      "Admiration": {
        "f1": 0.0,
        "precision": 0.0,
        "recall": 0.0,
        "tp": 0,
        "fp": 0,
        "fn": 0,
        "delta_f1": 0.0,
        "global_f1": 0.0
      },
      "Culpabilité": {
        "f1": 0.0,
        "precision": 0.0,
        "recall": 0.0,
        "tp": 0,
        "fp": 0,
        "fn": 1,
        "delta_f1": 0.0,
        "global_f1": 0.0
      },
      "Embarras": {
        "f1": 0.2222222222222222,
        "precision": 0.125,
        "recall": 1.0,
        "tp": 1,
        "fp": 7,
        "fn": 0,
        "delta_f1": 0.04830917874396137,
        "global_f1": 0.17391304347826084
      },
      "Fierté": {
        "f1": 0.0,
        "precision": 0.0,
        "recall": 0.0,
        "tp": 0,
        "fp": 0,
        "fn": 0,
        "delta_f1": -0.7499999999999999,
        "global_f1": 0.7499999999999999
      },
      "Jalousie": {
        "f1": 0.0,
        "precision": 0.0,
        "recall": 0.0,
        "tp": 0,
        "fp": 0,
        "fn": 0,
        "delta_f1": 0.0,
        "global_f1": 0.0
      },
      "Autre": {
        "f1": 0.2857142857142857,
        "precision": 0.2857142857142857,
        "recall": 0.2857142857142857,
        "tp": 2,
        "fp": 5,
        "fn": 5,
        "delta_f1": 0.1824884792626728,
        "global_f1": 0.1032258064516129
      }
    }
  },
  "Désignée": {
    "n": 55,
    "per_emotion": {
      "Colère": {
        "f1": 0.19047619047619047,
        "precision": 0.14285714285714285,
        "recall": 0.2857142857142857,
        "tp": 2,
        "fp": 12,
        "fn": 5,
        "delta_f1": -0.1477591036414566,
        "global_f1": 0.3382352941176471
      },
      "Dégoût": {
        "f1": 0.0,
        "precision": 0.0,
        "recall": 0.0,
        "tp": 0,
        "fp": 0,
        "fn": 11,
        "delta_f1": 0.0,
        "global_f1": 0.0
      },
      "Joie": {
        "f1": 0.6666666666666666,
        "precision": 1.0,
        "recall": 0.5,
        "tp": 8,
        "fp": 0,
        "fn": 8,
        "delta_f1": 0.24999999999999994,
        "global_f1": 0.4166666666666667
      },
      "Peur": {
        "f1": 0.5,
        "precision": 0.3333333333333333,
        "recall": 1.0,
        "tp": 1,
        "fp": 2,
        "fn": 0,
        "delta_f1": 0.13636363636363635,
        "global_f1": 0.36363636363636365
      },
      "Surprise": {
        "f1": 1.0,
        "precision": 1.0,
        "recall": 1.0,
        "tp": 2,
        "fp": 0,
        "fn": 0,
        "delta_f1": 0.5999999999999999,
        "global_f1": 0.4000000000000001
      },
      "Tristesse": {
        "f1": 0.2,
        "precision": 0.25,
        "recall": 0.16666666666666666,
        "tp": 1,
        "fp": 3,
        "fn": 5,
        "delta_f1": 0.0823529411764706,
        "global_f1": 0.11764705882352941
      },
      "Admiration": {
        "f1": 0.0,
        "precision": 0.0,
        "recall": 0.0,
        "tp": 0,
        "fp": 0,
        "fn": 0,
        "delta_f1": 0.0,
        "global_f1": 0.0
      },
      "Culpabilité": {
        "f1": 0.0,
        "precision": 0.0,
        "recall": 0.0,
        "tp": 0,
        "fp": 0,
        "fn": 2,
        "delta_f1": 0.0,
        "global_f1": 0.0
      },
      "Embarras": {
        "f1": 0.5714285714285715,
        "precision": 0.4,
        "recall": 1.0,
        "tp": 2,
        "fp": 3,
        "fn": 0,
        "delta_f1": 0.39751552795031064,
        "global_f1": 0.17391304347826084
      },
      "Fierté": {
        "f1": 1.0,
        "precision": 1.0,
        "recall": 1.0,
        "tp": 2,
        "fp": 0,
        "fn": 0,
        "delta_f1": 0.2500000000000001,
        "global_f1": 0.7499999999999999
      },
      "Jalousie": {
        "f1": 0.0,
        "precision": 0.0,
        "recall": 0.0,
        "tp": 0,
        "fp": 0,
        "fn": 6,
        "delta_f1": 0.0,
        "global_f1": 0.0
      },
      "Autre": {
        "f1": 0.3529411764705882,
        "precision": 0.3,
        "recall": 0.42857142857142855,
        "tp": 3,
        "fp": 7,
        "fn": 4,
        "delta_f1": 0.2497153700189753,
        "global_f1": 0.1032258064516129
      }
    }
  },
  "Montrée": {
    "n": 301,
    "per_emotion": {
      "Colère": {
        "f1": 0.3492063492063492,
        "precision": 0.8461538461538461,
        "recall": 0.22,
        "tp": 55,
        "fp": 10,
        "fn": 195,
        "delta_f1": 0.010971055088702109,
        "global_f1": 0.3382352941176471
      },
      "Dégoût": {
        "f1": 0.0,
        "precision": 0.0,
        "recall": 0.0,
        "tp": 0,
        "fp": 0,
        "fn": 69,
        "delta_f1": 0.0,
        "global_f1": 0.0
      },
      "Joie": {
        "f1": 0.1,
        "precision": 0.16666666666666666,
        "recall": 0.07142857142857142,
        "tp": 1,
        "fp": 5,
        "fn": 13,
        "delta_f1": -0.31666666666666665,
        "global_f1": 0.4166666666666667
      },
      "Peur": {
        "f1": 0.4,
        "precision": 0.3333333333333333,
        "recall": 0.5,
        "tp": 1,
        "fp": 2,
        "fn": 1,
        "delta_f1": 0.036363636363636376,
        "global_f1": 0.36363636363636365
      },
      "Surprise": {
        "f1": 0.0,
        "precision": 0.0,
        "recall": 0.0,
        "tp": 0,
        "fp": 2,
        "fn": 2,
        "delta_f1": -0.4000000000000001,
        "global_f1": 0.4000000000000001
      },
      "Tristesse": {
        "f1": 0.15384615384615385,
        "precision": 0.125,
        "recall": 0.2,
        "tp": 1,
        "fp": 7,
        "fn": 4,
        "delta_f1": 0.036199095022624445,
        "global_f1": 0.11764705882352941
      },
      "Admiration": {
        "f1": 0.0,
        "precision": 0.0,
        "recall": 0.0,
        "tp": 0,
        "fp": 0,
        "fn": 0,
        "delta_f1": 0.0,
        "global_f1": 0.0
      },
      "Culpabilité": {
        "f1": 0.0,
        "precision": 0.0,
        "recall": 0.0,
        "tp": 0,
        "fp": 0,
        "fn": 0,
        "delta_f1": 0.0,
        "global_f1": 0.0
      },
      "Embarras": {
        "f1": 0.0,
        "precision": 0.0,
        "recall": 0.0,
        "tp": 0,
        "fp": 5,
        "fn": 0,
        "delta_f1": -0.17391304347826084,
        "global_f1": 0.17391304347826084
      },
      "Fierté": {
        "f1": 0.0,
        "precision": 0.0,
        "recall": 0.0,
        "tp": 0,
        "fp": 1,
        "fn": 0,
        "delta_f1": -0.7499999999999999,
        "global_f1": 0.7499999999999999
      },