{
  "Colère": {
    "n": 290,
    "per_mode": {
      "Comportementale": {
        "f1": 0.44000000000000006,
        "precision": 0.5789473684210527,
        "recall": 0.3548387096774194,
        "tp": 11,
        "fp": 8,
        "fn": 20,
        "delta_f1": 0.06857142857142867,
        "global_f1": 0.3714285714285714
      },
      "Désignée": {
        "f1": 0.21621621621621623,
        "precision": 0.13333333333333333,
        "recall": 0.5714285714285714,
        "tp": 4,
        "fp": 26,
        "fn": 3,
        "delta_f1": -0.19757688723205968,
        "global_f1": 0.4137931034482759
      },
      "Montrée": {
        "f1": 0.4131736526946108,
        "precision": 0.8214285714285714,
        "recall": 0.276,
        "tp": 69,
        "fp": 15,
        "fn": 181,
        "delta_f1": 0.04360843530330649,
        "global_f1": 0.3695652173913043
      },
      "Suggérée": {
        "f1": 0.23529411764705882,
        "precision": 0.2857142857142857,
        "recall": 0.2,
        "tp": 8,
        "fp": 20,
        "fn": 32,
        "delta_f1": 0.01711229946524065,
        "global_f1": 0.21818181818181817
      }
    }
  },
  "Dégoût": {
    "n": 80,
    "per_mode": {
      "Comportementale": {
        "f1": 0.0,
        "precision": 0.0,
        "recall": 0.0,
        "tp": 0,
        "fp": 3,
        "fn": 7,
        "delta_f1": -0.3714285714285714,
        "global_f1": 0.3714285714285714
      },
      "Désignée": {
        "f1": 0.4705882352941177,
        "precision": 0.6666666666666666,
        "recall": 0.36363636363636365,
        "tp": 4,
        "fp": 2,
        "fn": 7,
        "delta_f1": 0.056795131845841784,
        "global_f1": 0.4137931034482759
      },
      "Montrée": {
        "f1": 0.48484848484848486,
        "precision": 0.8,
        "recall": 0.34782608695652173,
        "tp": 24,
        "fp": 6,
        "fn": 45,
        "delta_f1": 0.11528326745718054,
        "global_f1": 0.3695652173913043
      },
      "Suggérée": {
        "f1": 0.22222222222222224,
        "precision": 0.25,
        "recall": 0.2,
        "tp": 2,
        "fp": 6,
        "fn": 8,
        "delta_f1": 0.004040404040404066,
        "global_f1": 0.21818181818181817
      }
    }
  },
  "Joie": {
    "n": 30,
    "per_mode": {
      "Comportementale": {
        "f1": 0.5,
        "precision": 0.3333333333333333,
        "recall": 1.0,
        "tp": 1,
        "fp": 2,
        "fn": 0,
        "delta_f1": 0.12857142857142861,
        "global_f1": 0.3714285714285714
      },
      "Désignée": {
        "f1": 0.7692307692307693,
        "precision": 1.0,
        "recall": 0.625,
        "tp": 10,
        "fp": 0,
        "fn": 6,
        "delta_f1": 0.35543766578249336,
        "global_f1": 0.4137931034482759
      },
      "Montrée": {
        "f1": 0.4799999999999999,
        "precision": 0.5454545454545454,
        "recall": 0.42857142857142855,
        "tp": 6,
        "fp": 5,
        "fn": 8,
        "delta_f1": 0.1104347826086956,
        "global_f1": 0.3695652173913043
      },
      "Suggérée": {
        "f1": 0.3636363636363636,
        "precision": 0.3333333333333333,
        "recall": 0.4,
        "tp": 2,
        "fp": 4,
        "fn": 3,
        "delta_f1": 0.14545454545454542,
        "global_f1": 0.21818181818181817
      }
    }
  },
  "Surprise": {
    "n": 5,
    "per_mode": {
      "Comportementale": {
        "f1": 0.0,
        "precision": 0.0,
        "recall": 0.0,
        "tp": 0,
        "fp": 0,
        "fn": 0,
        "delta_f1": -0.3714285714285714,
        "global_f1": 0.3714285714285714
      },
      "Désignée": {
        "f1": 1.0,
        "precision": 1.0,
        "recall": 1.0,
        "tp": 2,
        "fp": 0,
        "fn": 0,
        "delta_f1": 0.5862068965517241,
        "global_f1": 0.4137931034482759
      },
      "Montrée": {
        "f1": 0.6666666666666666,
        "precision": 1.0,
        "recall": 0.5,
        "tp": 1,
        "fp": 0,
        "fn": 1,
        "delta_f1": 0.2971014492753623,
        "global_f1": 0.3695652173913043
      },
      "Suggérée": {
        "f1": 0.0,
        "precision": 0.0,
        "recall": 0.0,
        "tp": 0,
        "fp": 1,
        "fn": 1,
        "delta_f1": -0.21818181818181817,
        "global_f1": 0.21818181818181817
      }
    }
  },
  "Tristesse": {
    "n": 14,
    "per_mode": {
      "Comportementale": {
        "f1": 1.0,
        "precision": 1.0,
        "recall": 1.0,
        "tp": 1,
        "fp": 0,
        "fn": 0,
        "delta_f1": 0.6285714285714286,
        "global_f1": 0.3714285714285714
      },
      "Désignée": {
        "f1": 0.5,
        "precision": 1.0,
        "recall": 0.3333333333333333,
        "tp": 2,
        "fp": 0,
        "fn": 4,
        "delta_f1": 0.08620689655172409,
        "global_f1": 0.4137931034482759
      },
      "Montrée": {
        "f1": 0.7272727272727272,
        "precision": 0.6666666666666666,
        "recall": 0.8,
        "tp": 4,
        "fp": 2,
        "fn": 1,
        "delta_f1": 0.35770750988142286,
        "global_f1": 0.3695652173913043
      },
      "Suggérée": {
        "f1": 0.3076923076923077,
        "precision": 0.4,
        "recall": 0.25,
        "tp": 2,
        "fp": 3,
        "fn": 6,
        "delta_f1": 0.08951048951048954,
        "global_f1": 0.21818181818181817
      }
    }
  },
  "Jalousie": {
    "n": 6,
    "per_mode": {
      "Comportementale": {
        "f1": 0.0,
        "precision": 0.0,
        "recall": 0.0,
        "tp": 0,
        "fp": 0,
        "fn": 0,
        "delta_f1": -0.3714285714285714,
        "global_f1": 0.3714285714285714
      },
      "Désignée": {
        "f1": 0.2857142857142857,
        "precision": 1.0,
        "recall": 0.16666666666666666,
        "tp": 1,
        "fp": 0,
        "fn": 5,
        "delta_f1": -0.1280788177339902,
        "global_f1": 0.4137931034482759
      },
      "Montrée": {
        "f1": 0.0,
        "precision": 0.0,
        "recall": 0.0,
        "tp": 0,
        "fp": 2,
        "fn": 0,
        "delta_f1": -0.3695652173913043,
        "global_f1": 0.3695652173913043
      },
      "Suggérée": {
        "f1": 0.0,
        "precision": 0.0,
        "recall": 0.0,
        "tp": 0,
        "fp": 2,
        "fn": 0,
        "delta_f1": -0.21818181818181817,
        "global_f1": 0.21818181818181817
      }
    }
  },
  "Autre": {
    "n": 62,
    "per_mode": {
      "Comportementale": {
        "f1": 0.0,
        "precision": 0.0,
        "recall": 0.0,
        "tp": 0,
        "fp": 3,
        "fn": 7,
        "delta_f1": -0.3714285714285714,
        "global_f1": 0.3714285714285714
      },
      "Désignée": {
        "f1": 0.0,
        "precision": 0.0,
        "recall": 0.0,
        "tp": 0,
        "fp": 4,
        "fn": 7,
        "delta_f1": -0.4137931034482759,
        "global_f1": 0.4137931034482759
      },
      "Montrée": {
        "f1": 0.380952380952381,
        "precision": 0.75,
        "recall": 0.2553191489361702,
        "tp": 12,
        "fp": 4,
        "fn": 35,
        "delta_f1": 0.011387163561076663,
        "global_f1": 0.3695652173913043
      },
      "Suggérée": {
        "f1": 0.22222222222222224,
        "precision": 0.25,
        "recall": 0.2,
        "tp": 2,
        "fp": 6,
        "fn": 8,
        "delta_f1": 0.004040404040404066,
        "global_f1": 0.21818181818181817
      }
    }
  }
}