{
  "Colère": {
    "bin_midpoints": [
      0.05,
      0.15000000000000002,
      0.25,
      0.35000000000000003,
      0.45,
      0.55,
      0.6500000000000001,
      0.75,
      0.8500000000000001,
      0.95
    ],
    "observed_freq": [
      0.3942766295707472,
      0.7,
      0.375,
      0.5833333333333334,
      0.75,
      0.16666666666666666,
      0.8333333333333334,
      0.5555555555555556,
      0.6875,
      0.7037037037037037
    ],
    "mean_pred": [
      0.002307132247425839,
      0.1533581607043743,
      0.2577630840241909,
      0.36267781257629395,
      0.452236570417881,
      0.5226848522822062,
      0.655658890803655,
      0.7624714043405321,
      0.8588809333741665,
      0.9766741873305521
    ],
    "bin_count": [
      629,
      10,
      8,
      12,
      4,
      6,
      6,
      9,
      16,
      81
    ],
    "ece": 0.367105
  },
  "Dégoût": {
    "bin_midpoints": [
      0.05,
      0.15000000000000002,
      0.25,
      0.35000000000000003,
      0.45,
      0.55,
      0.6500000000000001,
      0.75,
      0.8500000000000001,
      0.95
    ],
    "observed_freq": [
      0.10755441741357234,
      NaN,
      NaN,
      NaN,
      NaN,
      NaN,
      NaN,
      NaN,
      NaN,
      NaN
    ],
    "mean_pred": [
      0.002441818409182834,
      NaN,
      NaN,
      NaN,
      NaN,
      NaN,
      NaN,
      NaN,
      NaN,
      NaN
    ],
    "bin_count": [
      781,
      0,
      0,
      0,
      0,
      0,
      0,
      0,
      0,
      0
    ],
    "ece": 0.105113
  },
  "Joie": {
    "bin_midpoints": [
      0.05,
      0.15000000000000002,
      0.25,
      0.35000000000000003,
      0.45,
      0.55,
      0.6500000000000001,
      0.75,
      0.8500000000000001,
      0.95
    ],
    "observed_freq": [
      0.02384105960264901,
      0.25,
      NaN,
      0.0,
      0.5,
      NaN,
      0.0,
      NaN,
      0.0,
      0.4375
    ],
    "mean_pred": [
      0.0013235561825258508,
      0.13034826330840588,
      NaN,
      0.3583405911922455,
      0.4878937751054764,
      NaN,
      0.6881207227706909,
      NaN,
      0.8939161896705627,
      0.9929235801100731
    ],
    "bin_count": [
      755,
      4,
      0,
      2,
      2,
      0,
      1,
      0,
      1,
      16
    ],
    "ece": 0.036734
  },
  "Peur": {
    "bin_midpoints": [
      0.05,
      0.15000000000000002,
      0.25,
      0.35000000000000003,
      0.45,
      0.55,
      0.6500000000000001,
      0.75,
      0.8500000000000001,
      0.95
    ],
    "observed_freq": [
      0.00390625,
      0.0,
      0.0,
      NaN,
      NaN,
      NaN,
      NaN,
      NaN,
      0.0,
      0.6666666666666666
    ],
    "mean_pred": [
      0.0021026145280830613,
      0.15237843059003353,
      0.22367987781763077,
      NaN,
      NaN,
      NaN,
      NaN,
      NaN,
      0.8435378074645996,
      0.9917463262875875
    ],
    "bin_count": [
      768,
      4,
      2,
      0,
      0,
      0,
      0,
      0,
      1,
      6
    ],
    "ece": 0.006704
  },
  "Surprise": {
    "bin_midpoints": [
      0.05,
      0.15000000000000002,
      0.25,
      0.35000000000000003,
      0.45,
      0.55,
      0.6500000000000001,
      0.75,
      0.8500000000000001,
      0.95
    ],
    "observed_freq": [
      0.0038809831824062097,
      0.0,
      0.0,
      NaN,
      NaN,
      NaN,
      NaN,
      NaN,
      0.0,
      0.25
    ],
    "mean_pred": [
      0.0009969378047230601,
      0.10828012973070145,
      0.22849831730127335,
      NaN,
      NaN,
      NaN,
      NaN,
      NaN,
      0.8478936553001404,
      0.9937974512577057
    ],
    "bin_count": [
      773,
      1,
      2,
      0,
      0,
      0,
      0,
      0,
      1,
      4
    ],
    "ece": 0.008473
  },
  "Tristesse": {
    "bin_midpoints": [
      0.05,
      0.15000000000000002,
      0.25,
      0.35000000000000003,
      0.45,
      0.55,
      0.6500000000000001,
      0.75,
      0.8500000000000001,
      0.95
    ],
    "observed_freq": [
      0.01593625498007968,
      0.0,
      0.0,
      NaN,
      0.0,
      0.0,
      0.0,
      0.0,
      0.0,
      0.14285714285714285
    ],
    "mean_pred": [
      0.0012039152378231787,
      0.13599045015871525,
      0.2595132663846016,
      NaN,
      0.4163942337036133,
      0.5500708818435669,
      0.6325613856315613,
      0.7550249695777893,
      0.8151807188987732,
      0.9825473810945239
    ],
    "bin_count": [
      753,
      4,
      2,
      0,
      2,
      1,
      2,
      1,
      2,
      14
    ],
    "ece": 0.037062
  },
  "Admiration": {
    "bin_midpoints": [
      0.05,
      0.15000000000000002,
      0.25,
      0.35000000000000003,
      0.45,
      0.55,
      0.6500000000000001,
      0.75,
      0.8500000000000001,
      0.95
    ],
    "observed_freq": [
      0.001282051282051282,
      0.0,
      NaN,
      NaN,
      NaN,
      NaN,
      NaN,
      NaN,
      NaN,
      NaN
    ],
    "mean_pred": [
      0.0008083840011143668,
      0.10080847889184952,
      NaN,
      NaN,
      NaN,
      NaN,
      NaN,
      NaN,
      NaN,
      NaN
    ],
    "bin_count": [
      780,
      1,
      0,
      0,
      0,
      0,
      0,
      0,
      0,
      0
    ],
    "ece": 0.000602
  },
  "Culpabilité": {
    "bin_midpoints": [
      0.05,
      0.15000000000000002,
      0.25,
      0.35000000000000003,
      0.45,
      0.55,
      0.6500000000000001,
      0.75,
      0.8500000000000001,
      0.95
    ],
    "observed_freq": [
      0.0038412291933418692,
      NaN,
      NaN,
      NaN,
      NaN,
      NaN,
      NaN,
      NaN,
      NaN,
      NaN
    ],
    "mean_pred": [
      0.0009272734790197677,
      NaN,
      NaN,
      NaN,
      NaN,
      NaN,
      NaN,
      NaN,
      NaN,
      NaN
    ],
    "bin_count": [
      781,
      0,
      0,
      0,
      0,
      0,
      0,
      0,
      0,
      0
    ],
    "ece": 0.002914
  },
  "Embarras": {
    "bin_midpoints": [
      0.05,
      0.15000000000000002,
      0.25,
      0.35000000000000003,
      0.45,
      0.55,
      0.6500000000000001,
      0.75,
      0.8500000000000001,
      0.95
    ],
    "observed_freq": [
      0.0,
      0.0,
      0.0,
      0.0,
      NaN,
      0.0,
      0.0,
      0.25,
      0.0,
      0.0
    ],
    "mean_pred": [
      0.0018680025146219856,
      0.13283405639231205,
      0.25202202796936035,
      0.36854467789332074,
      NaN,
      0.5098139047622681,
      0.6581806540489197,
      0.7445535510778427,
      0.8493111059069633,
      0.9199769735336304
    ],
    "bin_count": [
      749,
      4,
      4,
      3,
      0,
      1,
      3,
      4,
      8,
      5
    ],
    "ece": 0.025482
  },
  "Fierté": {
    "bin_midpoints": [
      0.05,
      0.15000000000000002,
      0.25,
      0.35000000000000003,
      0.45,
      0.55,
      0.6500000000000001,
      0.75,
      0.8500000000000001,
      0.95
    ],
    "observed_freq": [
      0.00129366106080207,
      0.0,
      0.0,
      NaN,
      NaN,
      NaN,
      NaN,
      0.0,
      0.0,
      1.0
    ],
    "mean_pred": [
      0.0008869126599105899,
      0.16830871999263763,
      0.29367563128471375,
      NaN,
      NaN,
      NaN,
      NaN,
      0.7309165000915527,
      0.8772116303443909,
      0.9332258105278015
    ],
    "bin_count": [
      773,
      2,
      1,
      0,
      0,
      0,
      0,
      1,
      1,
      3
    ],
    "ece": 0.003525
  },
  "Jalousie": {
    "bin_midpoints": [
      0.05,
      0.15000000000000002,
      0.25,
      0.35000000000000003,
      0.45,
      0.55,
      0.6500000000000001,
      0.75,
      0.8500000000000001,
      0.95
    ],
    "observed_freq": [
      0.0076824583866837385,
      NaN,
      NaN,
      NaN,
      NaN,
      NaN,
      NaN,
      NaN,
      NaN,
      NaN
    ],