{
  "Colère": {
    "bin_midpoints": [
      0.05,
      0.15000000000000002,
      0.25,
      0.35000000000000003,
      0.45,
      0.55,
      0.6500000000000001,
      0.75,
      0.8500000000000001,
      0.95
    ],
    "observed_freq": [
      0.3275039745627981,
      0.4,
      0.25,
      0.5,
      0.5,
      0.16666666666666666,
      0.6666666666666666,
      0.5555555555555556,
      0.625,
      0.6049382716049383
    ],
    "mean_pred": [
      0.0023071461322548992,
      0.153357695043087,
      0.25776395574212074,
      0.36267880847056705,
      0.4522378444671631,
      0.5226830740769705,
      0.655660500129064,
      0.7624711195627848,
      0.8588814251124859,
      0.9766742130856455
    ],
    "bin_count": [
      629,
      10,
      8,
      12,
      4,
      6,
      6,
      9,
      16,
      81
    ],
    "ece": 0.316048
  },
  "Dégoût": {
    "bin_midpoints": [
      0.05,
      0.15000000000000002,
      0.25,
      0.35000000000000003,
      0.45,
      0.55,
      0.6500000000000001,
      0.75,
      0.8500000000000001,
      0.95
    ],
    "observed_freq": [
      0.10243277848911651,
      NaN,
      NaN,
      NaN,
      NaN,
      NaN,
      NaN,
      NaN,
      NaN,
      NaN
    ],
    "mean_pred": [
      0.002441820209015059,
      NaN,
      NaN,
      NaN,
      NaN,
      NaN,
      NaN,
      NaN,
      NaN,
      NaN
    ],
    "bin_count": [
      781,
      0,
      0,
      0,
      0,
      0,
      0,
      0,
      0,
      0
    ],
    "ece": 0.099991
  },
  "Joie": {
    "bin_midpoints": [
      0.05,
      0.15000000000000002,
      0.25,
      0.35000000000000003,
      0.45,
      0.55,
      0.6500000000000001,
      0.75,
      0.8500000000000001,
      0.95
    ],
    "observed_freq": [
      0.02384105960264901,
      0.25,
      NaN,
      0.0,
      0.5,
      NaN,
      0.0,
      NaN,
      1.0,
      0.5625
    ],
    "mean_pred": [
      0.0013235551755670465,
      0.13034841232001781,
      NaN,
      0.3583480268716812,
      0.4878941625356674,
      NaN,
      0.6881192326545715,
      NaN,
      0.8939158916473389,
      0.9929235503077507
    ],
    "bin_count": [
      755,
      4,
      0,
      2,
      2,
      0,
      1,
      0,
      1,
      16
    ],
    "ece": 0.033164
  },
  "Peur": {
    "bin_midpoints": [
      0.05,
      0.15000000000000002,
      0.25,
      0.35000000000000003,
      0.45,
      0.55,
      0.6500000000000001,
      0.75,
      0.8500000000000001,
      0.95
    ],
    "observed_freq": [
      0.0026041666666666665,
      0.0,
      0.0,
      NaN,
      NaN,
      NaN,
      NaN,
      NaN,
      0.0,
      0.3333333333333333
    ],
    "mean_pred": [
      0.0021026159336088313,
      0.1523786000907421,
      0.22367918491363525,
      NaN,
      NaN,
      NaN,
      NaN,
      NaN,
      0.8435458540916443,
      0.9917464156945547
    ],
    "bin_count": [
      768,
      4,
      2,
      0,
      0,
      0,
      0,
      0,
      1,
      6
    ],
    "ece": 0.007985
  },
  "Surprise": {
    "bin_midpoints": [
      0.05,
      0.15000000000000002,
      0.25,
      0.35000000000000003,
      0.45,
      0.55,
      0.6500000000000001,
      0.75,
      0.8500000000000001,
      0.95
    ],
    "observed_freq": [
      0.0038809831824062097,
      0.0,
      0.0,
      NaN,
      NaN,
      NaN,
      NaN,
      NaN,
      0.0,
      0.5
    ],
    "mean_pred": [
      0.000996942275031297,
      0.1082802265882492,
      0.22849846631288528,
      NaN,
      NaN,
      NaN,
      NaN,
      NaN,
      0.8478930592536926,
      0.9937974810600281
    ],
    "bin_count": [
      773,
      1,
      2,
      0,
      0,
      0,
      0,
      0,
      1,
      4
    ],
    "ece": 0.007193
  },
  "Tristesse": {
    "bin_midpoints": [
      0.05,
      0.15000000000000002,
      0.25,
      0.35000000000000003,
      0.45,
      0.55,
      0.6500000000000001,
      0.75,
      0.8500000000000001,
      0.95
    ],
    "observed_freq": [
      0.01593625498007968,
      0.0,
      0.0,
      NaN,
      0.0,
      0.0,
      0.0,
      0.0,
      0.0,
      0.14285714285714285
    ],
    "mean_pred": [
      0.0012039273711709625,
      0.13599076867103577,
      0.25951338559389114,
      NaN,
      0.4163952171802521,
      0.5500714182853699,
      0.6325590312480927,
      0.7550236582756042,
      0.8151809573173523,
      0.9825475343636104
    ],
    "bin_count": [
      753,
      4,
      2,
      0,
      2,
      1,
      2,
      1,
      2,
      14
    ],
    "ece": 0.037062
  },
  "Admiration": {
    "bin_midpoints": [
      0.05,
      0.15000000000000002,
      0.25,
      0.35000000000000003,
      0.45,
      0.55,
      0.6500000000000001,
      0.75,
      0.8500000000000001,
      0.95
    ],
    "observed_freq": [
      0.0,
      0.0,
      NaN,
      NaN,
      NaN,
      NaN,
      NaN,
      NaN,
      NaN,
      NaN
    ],
    "mean_pred": [
      0.0008083851779602833,
      0.1008087769150734,
      NaN,
      NaN,
      NaN,
      NaN,
      NaN,
      NaN,
      NaN,
      NaN
    ],
    "bin_count": [
      780,
      1,
      0,
      0,
      0,
      0,
      0,
      0,
      0,
      0
    ],
    "ece": 0.000936
  },
  "Culpabilité": {
    "bin_midpoints": [
      0.05,
      0.15000000000000002,
      0.25,
      0.35000000000000003,
      0.45,
      0.55,
      0.6500000000000001,
      0.75,
      0.8500000000000001,
      0.95
    ],
    "observed_freq": [
      0.0038412291933418692,
      NaN,
      NaN,
      NaN,
      NaN,
      NaN,
      NaN,
      NaN,
      NaN,
      NaN
    ],
    "mean_pred": [
      0.0009272736980557655,
      NaN,
      NaN,
      NaN,
      NaN,
      NaN,
      NaN,
      NaN,
      NaN,
      NaN
    ],
    "bin_count": [
      781,
      0,
      0,
      0,
      0,
      0,
      0,
      0,
      0,
      0
    ],
    "ece": 0.002914
  },
  "Embarras": {
    "bin_midpoints": [
      0.05,
      0.15000000000000002,
      0.25,
      0.35000000000000003,
      0.45,
      0.55,
      0.6500000000000001,
      0.75,
      0.8500000000000001,
      0.95
    ],
    "observed_freq": [
      0.0,
      0.0,
      0.0,
      0.0,
      NaN,
      0.0,
      0.0,
      0.25,
      0.0,
      0.2
    ],
    "mean_pred": [
      0.0018680049009566922,
      0.13283493369817734,
      0.2520207576453686,
      0.3685445884863536,
      NaN,
      0.5098150968551636,
      0.6581806341807047,
      0.7445538640022278,
      0.8493112400174141,
      0.9199769496917725
    ],
    "bin_count": [
      749,
      4,
      4,
      3,
      0,
      1,
      3,
      4,
      8,
      5
    ],
    "ece": 0.024201
  },
  "Fierté": {
    "bin_midpoints": [
      0.05,
      0.15000000000000002,
      0.25,
      0.35000000000000003,
      0.45,
      0.55,
      0.6500000000000001,
      0.75,
      0.8500000000000001,
      0.95
    ],
    "observed_freq": [
      0.0,
      0.0,
      0.0,
      NaN,
      NaN,
      NaN,
      NaN,
      0.0,
      0.0,
      1.0
    ],
    "mean_pred": [
      0.0008869149453831205,
      0.16830918937921524,
      0.2936757504940033,
      NaN,
      NaN,
      NaN,
      NaN,
      0.7309165596961975,
      0.87721186876297,
      0.9332257707913717
    ],
    "bin_count": [
      773,
      2,
      1,
      0,
      0,
      0,
      0,
      1,
      1,
      3
    ],
    "ece": 0.004
  },
  "Jalousie": {
    "bin_midpoints": [
      0.05,
      0.15000000000000002,
      0.25,
      0.35000000000000003,
      0.45,
      0.55,
      0.6500000000000001,
      0.75,
      0.8500000000000001,
      0.95
    ],
    "observed_freq": [
      0.0076824583866837385,
      NaN,
      NaN,
      NaN,
      NaN,
      NaN,
      NaN,
      NaN,
      NaN,
      NaN
    ],
    "mean_pred": [
      0.00012623400762105943,
      NaN,
      NaN,
      NaN,
      NaN,
      NaN,
      NaN,
      NaN,
      NaN,
      NaN
    ],