{
  "Comportementale": 0.27586206896551724,
  "Désignée": 0.3826086956521739,
  "Montrée": 0.38054968287526425,
  "Suggérée": 0.21487603305785125
}