{
  "Colère": 0.33978494623655914,
  "Dégoût": 0.0,
  "Joie": 0.3111111111111111,
  "Peur": 0.5714285714285714,
  "Surprise": 0.22222222222222224,
  "Tristesse": 0.11764705882352941,
  "Admiration": 0.0,
  "Culpabilité": 0.0,
  "Embarras": 0.0909090909090909,
  "Fierté": 0.6666666666666665,
  "Jalousie": 0.0,
  "Autre": 0.11688311688311688
}