{
  "Comportementale": {
    "n": 82,
    "per_emotion": {
      "Colère": {
        "f1": 0.45544554455445546,
        "precision": 1.0,
        "recall": 0.2948717948717949,
        "tp": 23,
        "fp": 0,
        "fn": 55,
        "delta_f1": 0.11566059831789632,
        "global_f1": 0.33978494623655914
      },
      "Dégoût": {
        "f1": 0.0,
        "precision": 0.0,
        "recall": 0.0,
        "tp": 0,
        "fp": 0,
        "fn": 9,
        "delta_f1": 0.0,
        "global_f1": 0.0
      },
      "Joie": {
        "f1": 0.0,
        "precision": 0.0,
        "recall": 0.0,
        "tp": 0,
        "fp": 2,
        "fn": 0,
        "delta_f1": -0.3111111111111111,
        "global_f1": 0.3111111111111111
      },
      "Peur": {
        "f1": 0.5,
        "precision": 0.5,
        "recall": 0.5,
        "tp": 1,
        "fp": 1,
        "fn": 1,
        "delta_f1": -0.0714285714285714,
        "global_f1": 0.5714285714285714
      },
      "Surprise": {
        "f1": 0.0,
        "precision": 0.0,
        "recall": 0.0,
        "tp": 0,
        "fp": 0,
        "fn": 0,
        "delta_f1": -0.22222222222222224,
        "global_f1": 0.22222222222222224
      },
      "Tristesse": {
        "f1": 0.28571428571428575,
        "precision": 0.25,
        "recall": 0.3333333333333333,
        "tp": 1,
        "fp": 3,
        "fn": 2,
        "delta_f1": 0.16806722689075634,
        "global_f1": 0.11764705882352941
      },
      "Admiration": {
        "f1": 0.0,
        "precision": 0.0,
        "recall": 0.0,
        "tp": 0,
        "fp": 0,
        "fn": 0,
        "delta_f1": 0.0,
        "global_f1": 0.0
      },
      "Culpabilité": {
        "f1": 0.0,
        "precision": 0.0,
        "recall": 0.0,
        "tp": 0,
        "fp": 0,
        "fn": 1,
        "delta_f1": 0.0,
        "global_f1": 0.0
      },
      "Embarras": {
        "f1": 0.0,
        "precision": 0.0,
        "recall": 0.0,
        "tp": 0,
        "fp": 8,
        "fn": 0,
        "delta_f1": -0.0909090909090909,
        "global_f1": 0.0909090909090909
      },
      "Fierté": {
        "f1": 0.0,
        "precision": 0.0,
        "recall": 0.0,
        "tp": 0,
        "fp": 0,
        "fn": 0,
        "delta_f1": -0.6666666666666665,
        "global_f1": 0.6666666666666665
      },
      "Jalousie": {
        "f1": 0.0,
        "precision": 0.0,
        "recall": 0.0,
        "tp": 0,
        "fp": 0,
        "fn": 0,
        "delta_f1": 0.0,
        "global_f1": 0.0
      },
      "Autre": {
        "f1": 0.17391304347826086,
        "precision": 0.14285714285714285,
        "recall": 0.2222222222222222,
        "tp": 2,
        "fp": 12,
        "fn": 7,
        "delta_f1": 0.057029926595143984,
        "global_f1": 0.11688311688311688
      }
    }
  },
  "Désignée": {
    "n": 54,
    "per_emotion": {
      "Colère": {
        "f1": 0.3076923076923077,
        "precision": 0.3076923076923077,
        "recall": 0.3076923076923077,
        "tp": 4,
        "fp": 9,
        "fn": 9,
        "delta_f1": -0.03209263854425143,
        "global_f1": 0.33978494623655914
      },
      "Dégoût": {
        "f1": 0.0,
        "precision": 0.0,
        "recall": 0.0,
        "tp": 0,
        "fp": 0,
        "fn": 10,
        "delta_f1": 0.0,
        "global_f1": 0.0
      },
      "Joie": {
        "f1": 0.8571428571428571,
        "precision": 1.0,
        "recall": 0.75,
        "tp": 6,
        "fp": 0,
        "fn": 2,
        "delta_f1": 0.546031746031746,
        "global_f1": 0.3111111111111111
      },
      "Peur": {
        "f1": 1.0,
        "precision": 1.0,
        "recall": 1.0,
        "tp": 3,
        "fp": 0,
        "fn": 0,
        "delta_f1": 0.4285714285714286,
        "global_f1": 0.5714285714285714
      },
      "Surprise": {
        "f1": 1.0,
        "precision": 1.0,
        "recall": 1.0,
        "tp": 1,
        "fp": 0,
        "fn": 0,
        "delta_f1": 0.7777777777777778,
        "global_f1": 0.22222222222222224
      },
      "Tristesse": {
        "f1": 0.18181818181818182,
        "precision": 0.14285714285714285,
        "recall": 0.25,
        "tp": 1,
        "fp": 6,
        "fn": 3,
        "delta_f1": 0.06417112299465241,
        "global_f1": 0.11764705882352941
      },
      "Admiration": {
        "f1": 0.0,
        "precision": 0.0,
        "recall": 0.0,
        "tp": 0,
        "fp": 0,
        "fn": 0,
        "delta_f1": 0.0,
        "global_f1": 0.0
      },
      "Culpabilité": {
        "f1": 0.0,
        "precision": 0.0,
        "recall": 0.0,
        "tp": 0,
        "fp": 0,
        "fn": 2,
        "delta_f1": 0.0,
        "global_f1": 0.0
      },
      "Embarras": {
        "f1": 0.4,
        "precision": 0.25,
        "recall": 1.0,
        "tp": 1,
        "fp": 3,
        "fn": 0,
        "delta_f1": 0.30909090909090914,
        "global_f1": 0.0909090909090909
      },
      "Fierté": {
        "f1": 0.8,
        "precision": 1.0,
        "recall": 0.6666666666666666,
        "tp": 2,
        "fp": 0,
        "fn": 1,
        "delta_f1": 0.13333333333333353,
        "global_f1": 0.6666666666666665
      },
      "Jalousie": {
        "f1": 0.0,
        "precision": 0.0,
        "recall": 0.0,
        "tp": 0,
        "fp": 0,
        "fn": 6,
        "delta_f1": 0.0,
        "global_f1": 0.0
      },
      "Autre": {
        "f1": 0.34782608695652173,
        "precision": 0.3076923076923077,
        "recall": 0.4,
        "tp": 4,
        "fp": 9,
        "fn": 6,
        "delta_f1": 0.23094297007340486,
        "global_f1": 0.11688311688311688
      }
    }
  },
  "Montrée": {
    "n": 314,
    "per_emotion": {
      "Colère": {
        "f1": 0.33727810650887574,
        "precision": 0.890625,
        "recall": 0.20802919708029197,
        "tp": 57,
        "fp": 7,
        "fn": 217,
        "delta_f1": -0.0025068397276833965,
        "global_f1": 0.33978494623655914
      },
      "Dégoût": {
        "f1": 0.0,
        "precision": 0.0,
        "recall": 0.0,
        "tp": 0,
        "fp": 0,
        "fn": 75,
        "delta_f1": 0.0,
        "global_f1": 0.0
      },
      "Joie": {
        "f1": 0.0,
        "precision": 0.0,
        "recall": 0.0,
        "tp": 0,
        "fp": 7,
        "fn": 17,
        "delta_f1": -0.3111111111111111,
        "global_f1": 0.3111111111111111
      },
      "Peur": {
        "f1": 0.3333333333333333,
        "precision": 0.3333333333333333,
        "recall": 0.3333333333333333,
        "tp": 1,
        "fp": 2,
        "fn": 2,
        "delta_f1": -0.23809523809523808,
        "global_f1": 0.5714285714285714
      },
      "Surprise": {
        "f1": 0.0,
        "precision": 0.0,
        "recall": 0.0,
        "tp": 0,
        "fp": 2,
        "fn": 2,
        "delta_f1": -0.22222222222222224,
        "global_f1": 0.22222222222222224
      },
      "Tristesse": {
        "f1": 0.125,
        "precision": 0.1111111111111111,
        "recall": 0.14285714285714285,
        "tp": 1,
        "fp": 8,
        "fn": 6,
        "delta_f1": 0.00735294117647059,
        "global_f1": 0.11764705882352941
      },
      "Admiration": {
        "f1": 0.0,
        "precision": 0.0,
        "recall": 0.0,
        "tp": 0,
        "fp": 0,
        "fn": 1,
        "delta_f1": 0.0,
        "global_f1": 0.0
      },
      "Culpabilité": {
        "f1": 0.0,
        "precision": 0.0,
        "recall": 0.0,
        "tp": 0,
        "fp": 0,
        "fn": 0,
        "delta_f1": 0.0,
        "global_f1": 0.0
      },
      "Embarras": {
        "f1": 0.2222222222222222,
        "precision": 0.125,
        "recall": 1.0,
        "tp": 1,
        "fp": 7,
        "fn": 0,
        "delta_f1": 0.13131313131313133,
        "global_f1": 0.0909090909090909
      },
      "Fierté": {
        "f1": 0.0,
        "precision": 0.0,
        "recall": 0.0,
        "tp": 0,
        "fp": 1,
        "fn": 0,
        "delta_f1": -0.6666666666666665,
        "global_f1": 0.6666666666666665
      },