{
  "Colère": {
    "n": 347,
    "per_mode": {
      "Comportementale": {
        "f1": 0.3061224489795919,
        "precision": 0.75,
        "recall": 0.19230769230769232,
        "tp": 15,
        "fp": 5,
        "fn": 63,
        "delta_f1": 0.03026038001407466,
        "global_f1": 0.27586206896551724
      },
      "Désignée": {
        "f1": 0.2978723404255319,
        "precision": 0.20588235294117646,
        "recall": 0.5384615384615384,
        "tp": 7,
        "fp": 27,
        "fn": 6,
        "delta_f1": -0.08473635522664202,
        "global_f1": 0.3826086956521739
      },
      "Montrée": {
        "f1": 0.4128686327077748,
        "precision": 0.7777777777777778,
        "recall": 0.28102189781021897,
        "tp": 77,
        "fp": 22,
        "fn": 197,
        "delta_f1": 0.032318949832510546,
        "global_f1": 0.38054968287526425
      },
      "Suggérée": {
        "f1": 0.20779220779220778,
        "precision": 0.26666666666666666,
        "recall": 0.1702127659574468,
        "tp": 8,
        "fp": 22,
        "fn": 39,
        "delta_f1": -0.0070838252656434675,
        "global_f1": 0.21487603305785125
      }
    }
  },
  "Dégoût": {
    "n": 84,
    "per_mode": {
      "Comportementale": {
        "f1": 0.0,
        "precision": 0.0,
        "recall": 0.0,
        "tp": 0,
        "fp": 3,
        "fn": 9,
        "delta_f1": -0.27586206896551724,
        "global_f1": 0.27586206896551724
      },
      "Désignée": {
        "f1": 0.5,
        "precision": 0.6666666666666666,
        "recall": 0.4,
        "tp": 4,
        "fp": 2,
        "fn": 6,
        "delta_f1": 0.11739130434782608,
        "global_f1": 0.3826086956521739
      },
      "Montrée": {
        "f1": 0.49523809523809526,
        "precision": 0.8666666666666667,
        "recall": 0.3466666666666667,
        "tp": 26,
        "fp": 4,
        "fn": 49,
        "delta_f1": 0.114688412362831,
        "global_f1": 0.38054968287526425
      },
      "Suggérée": {
        "f1": 0.2727272727272727,
        "precision": 0.3,
        "recall": 0.25,
        "tp": 3,
        "fp": 7,
        "fn": 9,
        "delta_f1": 0.05785123966942146,
        "global_f1": 0.21487603305785125
      }
    }
  },
  "Joie": {
    "n": 27,
    "per_mode": {
      "Comportementale": {
        "f1": 0.0,
        "precision": 0.0,
        "recall": 0.0,
        "tp": 0,
        "fp": 1,
        "fn": 0,
        "delta_f1": -0.27586206896551724,
        "global_f1": 0.27586206896551724
      },
      "Désignée": {
        "f1": 0.8571428571428571,
        "precision": 1.0,
        "recall": 0.75,
        "tp": 6,
        "fp": 0,
        "fn": 2,
        "delta_f1": 0.47453416149068317,
        "global_f1": 0.3826086956521739
      },
      "Montrée": {
        "f1": 0.5714285714285714,
        "precision": 0.7272727272727273,
        "recall": 0.47058823529411764,
        "tp": 8,
        "fp": 3,
        "fn": 9,
        "delta_f1": 0.19087888855330715,
        "global_f1": 0.38054968287526425
      },
      "Suggérée": {
        "f1": 0.3333333333333333,
        "precision": 0.4,
        "recall": 0.2857142857142857,
        "tp": 2,
        "fp": 3,
        "fn": 5,
        "delta_f1": 0.11845730027548207,
        "global_f1": 0.21487603305785125
      }
    }
  },
  "Peur": {
    "n": 7,
    "per_mode": {
      "Comportementale": {
        "f1": 0.6666666666666666,
        "precision": 1.0,
        "recall": 0.5,
        "tp": 1,
        "fp": 0,
        "fn": 1,
        "delta_f1": 0.3908045977011494,
        "global_f1": 0.27586206896551724
      },
      "Désignée": {
        "f1": 0.8,
        "precision": 1.0,
        "recall": 0.6666666666666666,
        "tp": 2,
        "fp": 0,
        "fn": 1,
        "delta_f1": 0.4173913043478261,
        "global_f1": 0.3826086956521739
      },
      "Montrée": {
        "f1": 0.5,
        "precision": 1.0,
        "recall": 0.3333333333333333,
        "tp": 1,
        "fp": 0,
        "fn": 2,
        "delta_f1": 0.11945031712473575,
        "global_f1": 0.38054968287526425
      },
      "Suggérée": {
        "f1": 0.25,
        "precision": 0.2,
        "recall": 0.3333333333333333,
        "tp": 1,
        "fp": 4,
        "fn": 2,
        "delta_f1": 0.035123966942148754,
        "global_f1": 0.21487603305785125
      }
    }
  },
  "Tristesse": {
    "n": 14,
    "per_mode": {
      "Comportementale": {
        "f1": 0.8,
        "precision": 1.0,
        "recall": 0.6666666666666666,
        "tp": 2,
        "fp": 0,
        "fn": 1,
        "delta_f1": 0.5241379310344828,
        "global_f1": 0.27586206896551724
      },
      "Désignée": {
        "f1": 0.3333333333333333,
        "precision": 0.5,
        "recall": 0.25,
        "tp": 1,
        "fp": 1,
        "fn": 3,
        "delta_f1": -0.04927536231884061,
        "global_f1": 0.3826086956521739
      },
      "Montrée": {
        "f1": 0.6666666666666666,
        "precision": 0.625,
        "recall": 0.7142857142857143,
        "tp": 5,
        "fp": 3,
        "fn": 2,
        "delta_f1": 0.2861169837914024,
        "global_f1": 0.38054968287526425
      },
      "Suggérée": {
        "f1": 0.0,
        "precision": 0.0,
        "recall": 0.0,
        "tp": 0,
        "fp": 4,
        "fn": 6,
        "delta_f1": -0.21487603305785125,
        "global_f1": 0.21487603305785125
      }
    }
  },
  "Jalousie": {
    "n": 6,
    "per_mode": {
      "Comportementale": {
        "f1": 0.0,
        "precision": 0.0,
        "recall": 0.0,
        "tp": 0,
        "fp": 0,
        "fn": 0,
        "delta_f1": -0.27586206896551724,
        "global_f1": 0.27586206896551724
      },
      "Désignée": {
        "f1": 0.2857142857142857,
        "precision": 1.0,
        "recall": 0.16666666666666666,
        "tp": 1,
        "fp": 0,
        "fn": 5,
        "delta_f1": -0.09689440993788823,
        "global_f1": 0.3826086956521739
      },
      "Montrée": {
        "f1": 0.0,
        "precision": 0.0,
        "recall": 0.0,
        "tp": 0,
        "fp": 2,
        "fn": 0,
        "delta_f1": -0.38054968287526425,
        "global_f1": 0.38054968287526425
      },
      "Suggérée": {
        "f1": 0.0,
        "precision": 0.0,
        "recall": 0.0,
        "tp": 0,
        "fp": 2,
        "fn": 0,
        "delta_f1": -0.21487603305785125,
        "global_f1": 0.21487603305785125
      }
    }
  },
  "Autre": {
    "n": 61,
    "per_mode": {
      "Comportementale": {
        "f1": 0.0,
        "precision": 0.0,
        "recall": 0.0,
        "tp": 0,
        "fp": 2,
        "fn": 9,
        "delta_f1": -0.27586206896551724,
        "global_f1": 0.27586206896551724
      },
      "Désignée": {
        "f1": 0.0,
        "precision": 0.0,
        "recall": 0.0,
        "tp": 0,
        "fp": 2,
        "fn": 10,
        "delta_f1": -0.3826086956521739,
        "global_f1": 0.3826086956521739
      },
      "Montrée": {
        "f1": 0.45614035087719296,
        "precision": 0.8125,
        "recall": 0.3170731707317073,
        "tp": 13,
        "fp": 3,
        "fn": 28,
        "delta_f1": 0.07559066800192871,
        "global_f1": 0.38054968287526425
      },
      "Suggérée": {
        "f1": 0.27272727272727276,
        "precision": 0.3333333333333333,
        "recall": 0.23076923076923078,
        "tp": 3,
        "fp": 6,
        "fn": 10,
        "delta_f1": 0.05785123966942152,
        "global_f1": 0.21487603305785125
      }
    }
  }
}